order_id,customer_id,order_date,category,product_name,qty,price,discount_pct,city,payment_method,order_status
ORD1001,CUST703,4/9/2025,Grocery,Product_23,1,4352,15,Hyderabad,Card,In-Transit
ORD1002,CUST904,9/26/2025,Home,Product_32,3,2982,6,Hyderabad,NetBanking,Cancelled
ORD1003,CUST665,9/6/2025,Books,Product_143,2,2028,27,Tirunelveli,NetBanking,Returned
ORD1004,CUST147,7/10/2025,Books,Product_77,3,1872,17,Trichy,NetBanking,Cancelled
ORD1005,CUST565,6/1/2025,Home,Product_108,1,2788,13,Bengaluru,NetBanking,Returned
ORD1006,CUST374,12/31/2025,Fashion,Product_109,4,4128,4,Madurai,UPI,Returned
ORD1007,CUST161,11/12/2025,Fashion,Product_131,1,789,26,Tirunelveli,Cash,Delivered
ORD1008,CUST989,9/28/2025,Grocery,Product_147,3,266,6,Coimbatore,NetBanking,Cancelled
ORD1009,CUST787,7/2/2025,Grocery,Product_141,3,4414,15,Chennai,Card,Cancelled
ORD1010,CUST395,3/10/2025,Grocery,Product_68,4,1527,14,Chennai,NetBanking,Cancelled
ORD1011,CUST807,6/14/2025,Grocery,Product_55,3,3358,27,Chennai,Cash,In-Transit
ORD1012,CUST619,10/23/2025,Fashion,Product_52,1,999,30,Chennai,UPI,Delivered
ORD1013,CUST280,11/25/2025,Grocery,Product_103,5,795,19,Tirunelveli,Cash,Delivered
ORD1014,CUST218,8/17/2025,Electronics,Product_132,3,3107,22,Madurai,UPI,Returned
ORD1015,CUST392,10/6/2025,Grocery,Product_12,3,4066,6,Chennai,NetBanking,Cancelled
ORD1016,CUST252,11/14/2025,Home,Product_112,5,2065,20,Bengaluru,Card,Cancelled
ORD1017,CUST743,9/8/2025,Fashion,Product_116,5,2301,15,Trichy,Cash,Returned
ORD1018,CUST791,10/18/2025,Grocery,Product_105,1,3914,28,Bengaluru,NetBanking,In-Transit
ORD1019,CUST595,5/21/2025,Grocery,Product_114,2,3054,14,Bengaluru,NetBanking,Returned
ORD1020,CUST674,10/29/2025,Home,Product_65,1,1538,14,Tirunelveli,Cash,Cancelled
ORD1021,CUST596,4/11/2025,Grocery,Product_120,5,1708,16,Coimbatore,Card,In-Transit
ORD1022,CUST900,12/7/2025,Electronics,Product_119,3,2970,29,Chennai,Cash,Cancelled
ORD1023,CUST418,4/19/2025,Books,Product_62,3,1465,20,Tirunelveli,UPI,In-Transit
ORD1024,CUST953,6/10/2025,Electronics,Product_141,3,3159,2,Bengaluru,Cash,In-Transit
ORD1025,CUST376,11/6/2025,Books,Product_97,3,2741,2,Chennai,NetBanking,In-Transit
ORD1026,CUST919,11/14/2025,Home,Product_3,1,3596,3,Hyderabad,NetBanking,Delivered
ORD1027,CUST458,3/27/2025,Grocery,Product_147,1,4468,0,Hyderabad,Card,Returned
ORD1028,CUST536,4/19/2025,Fashion,Product_91,3,4101,25,Tirunelveli,Card,In-Transit
ORD1029,CUST287,4/25/2025,Electronics,Product_37,1,1755,6,Chennai,UPI,Cancelled
ORD1030,CUST104,6/8/2025,Books,Product_106,3,4025,23,Tirunelveli,Card,In-Transit
ORD1031,CUST715,4/19/2025,Electronics,Product_42,5,966,23,Trichy,NetBanking,Returned
ORD1032,CUST848,1/29/2025,Electronics,Product_7,1,2784,25,Trichy,UPI,Returned
ORD1033,CUST192,8/10/2025,Fashion,Product_18,4,134,29,Tirunelveli,UPI,In-Transit
ORD1034,CUST840,4/25/2025,Electronics,Product_33,5,158,1,Tirunelveli,Cash,Delivered
ORD1035,CUST592,7/31/2025,Grocery,Product_7,5,4121,25,Hyderabad,Cash,Delivered
ORD1036,CUST193,5/17/2025,Fashion,Product_142,1,4902,17,Chennai,Card,Delivered
ORD1037,CUST331,8/30/2025,Electronics,Product_125,3,4004,28,Bengaluru,UPI,Delivered
ORD1038,CUST230,4/25/2025,Home,Product_74,5,252,3,Tirunelveli,NetBanking,Delivered
ORD1039,CUST837,2/11/2025,Books,Product_57,4,3854,15,Chennai,UPI,Delivered
ORD1040,CUST819,5/23/2025,Home,Product_46,4,2348,0,Trichy,Cash,Delivered
ORD1041,CUST461,6/7/2025,Books,Product_72,3,4324,24,Hyderabad,Card,Cancelled
ORD1042,CUST457,12/19/2025,Grocery,Product_40,3,361,30,Tirunelveli,UPI,Cancelled
ORD1043,CUST987,10/11/2025,Grocery,Product_64,2,1373,15,Chennai,UPI,Cancelled
ORD1044,CUST837,5/3/2025,Electronics,Product_54,4,3739,3,Hyderabad,Cash,In-Transit
ORD1045,CUST321,11/14/2025,Electronics,Product_103,4,3019,4,Bengaluru,Card,In-Transit
ORD1046,CUST514,9/18/2025,Books,Product_77,2,1752,6,Madurai,Card,Delivered
ORD1047,CUST571,11/1/2025,Fashion,Product_108,2,780,30,Coimbatore,UPI,Cancelled
ORD1048,CUST187,7/10/2025,Electronics,Product_150,3,880,12,Tirunelveli,UPI,Returned
ORD1049,CUST552,8/10/2025,Fashion,Product_31,4,4665,29,Hyderabad,UPI,In-Transit
ORD1050,CUST701,10/10/2025,Fashion,Product_86,4,2615,29,Bengaluru,NetBanking,In-Transit
ORD1051,CUST782,9/16/2025,Books,Product_120,2,3523,6,Tirunelveli,Cash,Returned
ORD1052,CUST210,6/6/2025,Grocery,Product_101,2,4480,9,Hyderabad,UPI,Cancelled
ORD1053,CUST921,1/24/2025,Electronics,Product_23,1,4138,3,Bengaluru,Card,Returned
ORD1054,CUST725,11/24/2025,Electronics,Product_37,3,1606,9,Bengaluru,Card,In-Transit
ORD1055,CUST371,12/22/2025,Grocery,Product_83,2,1670,18,Hyderabad,Card,Delivered
ORD1056,CUST394,8/23/2025,Books,Product_30,4,970,25,Chennai,Cash,In-Transit
ORD1057,CUST233,8/8/2025,Fashion,Product_52,1,197,5,Hyderabad,Cash,Cancelled
ORD1058,CUST269,7/15/2025,Home,Product_139,2,2679,14,Bengaluru,Cash,In-Transit
ORD1059,CUST248,5/21/2025,Home,Product_14,4,4203,25,Tirunelveli,UPI,In-Transit
ORD1060,CUST162,2/23/2025,Fashion,Product_68,1,432,1,Chennai,Cash,In-Transit
ORD1061,CUST650,6/7/2025,Fashion,Product_9,1,1577,15,Hyderabad,Card,Returned
ORD1062,CUST409,2/2/2025,Home,Product_60,1,3773,14,Bengaluru,Card,Delivered
ORD1063,CUST451,6/28/2025,Home,Product_23,4,3492,28,Hyderabad,Card,Cancelled
ORD1064,CUST530,4/15/2025,Grocery,Product_60,2,4144,14,Hyderabad,NetBanking,Returned
ORD1065,CUST758,5/8/2025,Electronics,Product_121,3,366,2,Madurai,Card,In-Transit
ORD1066,CUST420,8/27/2025,Electronics,Product_66,2,811,22,Hyderabad,Cash,In-Transit
ORD1067,CUST292,1/5/2025,Grocery,Product_99,3,4009,16,Bengaluru,UPI,Delivered
ORD1068,CUST550,2/6/2025,Grocery,Product_11,2,1503,28,Bengaluru,NetBanking,Cancelled
ORD1069,CUST967,7/31/2025,Electronics,Product_93,1,614,1,Tirunelveli,UPI,Returned
ORD1070,CUST440,5/12/2025,Electronics,Product_38,4,3423,6,Bengaluru,UPI,Cancelled
ORD1071,CUST384,7/7/2025,Fashion,Product_79,4,829,27,Trichy,Cash,Cancelled
ORD1072,CUST659,9/29/2025,Electronics,Product_148,2,4463,30,Chennai,UPI,In-Transit
ORD1073,CUST438,1/4/2025,Fashion,Product_28,5,2704,30,Coimbatore,Cash,Cancelled
ORD1074,CUST460,7/6/2025,Grocery,Product_149,3,982,7,Trichy,Card,In-Transit
ORD1075,CUST587,10/25/2025,Grocery,Product_144,4,4071,13,Tirunelveli,Cash,Returned
ORD1076,CUST490,12/27/2025,Home,Product_99,5,2180,7,Hyderabad,UPI,Delivered
ORD1077,CUST991,7/23/2025,Home,Product_71,2,4253,0,Madurai,UPI,Returned
ORD1078,CUST763,5/14/2025,Books,Product_82,5,1751,14,Trichy,UPI,Delivered
ORD1079,CUST192,3/27/2025,Grocery,Product_64,1,4757,6,Chennai,NetBanking,Cancelled
ORD1080,CUST297,6/23/2025,Fashion,Product_59,5,611,6,Madurai,Card,Returned
ORD1081,CUST633,9/15/2025,Grocery,Product_13,3,1054,25,Hyderabad,Card,Cancelled
ORD1082,CUST523,2/18/2025,Fashion,Product_24,2,3522,10,Trichy,Card,Cancelled
ORD1083,CUST114,7/22/2025,Grocery,Product_42,5,327,9,Bengaluru,Cash,Cancelled
ORD1084,CUST351,1/5/2025,Books,Product_66,3,1173,30,Trichy,NetBanking,Delivered
ORD1085,CUST619,10/16/2025,Books,Product_15,2,4218,21,Hyderabad,UPI,In-Transit
ORD1086,CUST404,8/5/2025,Grocery,Product_45,1,4394,8,Hyderabad,Card,Delivered
ORD1087,CUST157,4/2/2025,Fashion,Product_53,2,584,24,Chennai,NetBanking,Returned
ORD1088,CUST174,9/1/2025,Home,Product_18,3,3324,1,Hyderabad,Card,Delivered
ORD1089,CUST220,1/27/2025,Grocery,Product_67,5,1205,22,Madurai,UPI,In-Transit
ORD1090,CUST658,2/10/2025,Books,Product_57,5,3923,12,Trichy,Cash,Delivered
ORD1091,CUST807,1/23/2025,Books,Product_121,1,3598,29,Madurai,Card,Returned
ORD1092,CUST237,10/23/2025,Home,Product_9,5,944,2,Coimbatore,Cash,Cancelled
ORD1093,CUST851,9/9/2025,Electronics,Product_123,2,780,3,Hyderabad,UPI,Cancelled
ORD1094,CUST895,6/21/2025,Home,Product_8,4,954,29,Tirunelveli,Card,In-Transit
ORD1095,CUST793,3/20/2025,Grocery,Product_132,3,3437,9,Chennai,Card,Delivered
ORD1096,CUST816,11/21/2025,Fashion,Product_48,5,2522,7,Coimbatore,Cash,In-Transit
ORD1097,CUST633,1/28/2025,Fashion,Product_9,5,959,14,Chennai,UPI,Cancelled
ORD1098,CUST353,12/15/2025,Fashion,Product_144,1,2729,22,Tirunelveli,UPI,Delivered
ORD1099,CUST487,3/7/2025,Fashion,Product_43,5,3861,7,Tirunelveli,Card,Cancelled
ORD1100,CUST743,8/29/2025,Electronics,Product_118,1,4554,22,Trichy,Cash,In-Transit
ORD1101,CUST754,11/7/2025,Books,Product_48,3,3050,11,Bengaluru,NetBanking,Returned
ORD1102,CUST348,7/31/2025,Books,Product_45,4,4726,18,Bengaluru,Cash,Cancelled
ORD1103,CUST245,9/9/2025,Fashion,Product_14,5,2335,9,Coimbatore,Cash,In-Transit
ORD1104,CUST902,8/6/2025,Grocery,Product_113,5,3297,11,Madurai,Cash,In-Transit
ORD1105,CUST642,7/29/2025,Grocery,Product_107,3,3818,7,Tirunelveli,Card,In-Transit
ORD1106,CUST394,8/2/2025,Electronics,Product_65,4,4008,28,Bengaluru,Cash,In-Transit
ORD1107,CUST182,7/16/2025,Grocery,Product_25,5,4820,3,Tirunelveli,Cash,Returned
ORD1108,CUST402,1/2/2025,Books,Product_29,3,1042,24,Madurai,UPI,In-Transit
ORD1109,CUST197,6/29/2025,Fashion,Product_94,3,1222,27,Coimbatore,Card,Returned
ORD1110,CUST139,10/6/2025,Electronics,Product_26,5,2641,16,Coimbatore,Cash,Delivered
ORD1111,CUST705,10/5/2025,Home,Product_139,4,430,10,Tirunelveli,NetBanking,Delivered
ORD1112,CUST175,7/17/2025,Books,Product_80,2,4069,23,Madurai,NetBanking,Returned
ORD1113,CUST249,8/3/2025,Fashion,Product_21,4,3165,22,Madurai,NetBanking,Cancelled
ORD1114,CUST179,5/23/2025,Books,Product_121,5,1076,29,Chennai,Card,Cancelled
ORD1115,CUST100,2/18/2025,Grocery,Product_6,3,1548,26,Madurai,Card,Cancelled
ORD1116,CUST950,11/22/2025,Fashion,Product_133,4,789,18,Hyderabad,UPI,Cancelled
ORD1117,CUST667,10/27/2025,Home,Product_51,4,1574,30,Trichy,UPI,Returned
ORD1118,CUST143,12/23/2025,Electronics,Product_15,3,2856,22,Madurai,NetBanking,In-Transit
ORD1119,CUST352,2/12/2025,Grocery,Product_134,1,870,26,Tirunelveli,UPI,In-Transit
ORD1120,CUST211,10/18/2025,Home,Product_58,3,998,20,Trichy,Card,Returned
ORD1121,CUST666,5/28/2025,Home,Product_101,3,4878,20,Chennai,Card,Delivered
ORD1122,CUST887,2/15/2025,Books,Product_143,5,4283,4,Bengaluru,NetBanking,In-Transit
ORD1123,CUST481,9/21/2025,Grocery,Product_53,1,236,30,Trichy,Cash,Cancelled
ORD1124,CUST916,10/1/2025,Home,Product_58,2,3432,16,Hyderabad,NetBanking,Cancelled
ORD1125,CUST337,8/10/2025,Fashion,Product_29,3,4190,17,Trichy,Card,Cancelled
ORD1126,CUST196,11/25/2025,Grocery,Product_13,4,4336,12,Chennai,NetBanking,Delivered
ORD1127,CUST308,10/3/2025,Books,Product_9,4,4338,28,Hyderabad,NetBanking,Returned
ORD1128,CUST961,9/24/2025,Grocery,Product_43,1,4273,3,Tirunelveli,Cash,Delivered
ORD1129,CUST148,7/16/2025,Electronics,Product_138,2,687,5,Chennai,NetBanking,In-Transit
ORD1130,CUST536,2/3/2025,Grocery,Product_123,1,3422,30,Trichy,NetBanking,In-Transit
ORD1131,CUST456,5/13/2025,Books,Product_57,4,4099,0,Bengaluru,Card,Returned
ORD1132,CUST566,10/24/2025,Books,Product_7,5,4736,2,Tirunelveli,UPI,Cancelled
ORD1133,CUST165,5/24/2025,Grocery,Product_93,4,751,17,Hyderabad,Card,In-Transit
ORD1134,CUST947,2/15/2025,Fashion,Product_120,2,4853,24,Madurai,Card,In-Transit
ORD1135,CUST226,7/12/2025,Electronics,Product_37,4,3639,15,Hyderabad,Card,In-Transit
ORD1136,CUST264,5/2/2025,Electronics,Product_148,1,4987,5,Coimbatore,UPI,Delivered
ORD1137,CUST995,3/27/2025,Electronics,Product_104,1,1300,29,Madurai,Card,Delivered
ORD1138,CUST604,7/8/2025,Books,Product_103,1,1404,14,Chennai,Card,Cancelled
ORD1139,CUST731,6/17/2025,Home,Product_1,5,1362,18,Bengaluru,Cash,Returned
ORD1140,CUST202,4/4/2025,Books,Product_53,5,740,7,Tirunelveli,Cash,In-Transit
ORD1141,CUST883,6/2/2025,Fashion,Product_19,2,4792,21,Bengaluru,NetBanking,Cancelled
ORD1142,CUST555,6/19/2025,Grocery,Product_132,1,2084,19,Trichy,UPI,Delivered
ORD1143,CUST959,8/5/2025,Books,Product_93,2,378,13,Hyderabad,Card,Delivered
ORD1144,CUST526,4/3/2025,Home,Product_113,1,3313,3,Madurai,UPI,In-Transit
ORD1145,CUST436,11/27/2025,Books,Product_140,1,2822,27,Coimbatore,UPI,Returned
ORD1146,CUST661,3/21/2025,Books,Product_88,2,1938,27,Trichy,NetBanking,Returned
ORD1147,CUST562,11/4/2025,Home,Product_16,2,4608,9,Bengaluru,Cash,Delivered
ORD1148,CUST961,8/22/2025,Grocery,Product_39,2,4675,18,Hyderabad,Cash,Cancelled
ORD1149,CUST682,12/20/2025,Electronics,Product_103,5,2587,1,Trichy,NetBanking,Returned
ORD1150,CUST846,9/24/2025,Home,Product_145,3,4035,0,Chennai,Card,Cancelled
ORD1151,CUST840,1/6/2025,Fashion,Product_143,4,1687,11,Bengaluru,Card,Returned
ORD1152,CUST411,11/7/2025,Home,Product_16,5,692,13,Madurai,Card,Returned
ORD1153,CUST213,3/15/2025,Books,Product_49,4,4144,10,Tirunelveli,Cash,Delivered
ORD1154,CUST653,11/20/2025,Fashion,Product_38,5,4295,4,Bengaluru,UPI,Delivered
ORD1155,CUST648,10/11/2025,Grocery,Product_5,4,1695,17,Madurai,UPI,In-Transit
ORD1156,CUST778,10/12/2025,Fashion,Product_112,2,2503,3,Trichy,NetBanking,In-Transit
ORD1157,CUST133,2/23/2025,Fashion,Product_84,5,1579,24,Tirunelveli,Cash,Returned
ORD1158,CUST517,9/27/2025,Grocery,Product_77,3,2546,5,Tirunelveli,NetBanking,Returned
ORD1159,CUST804,11/23/2025,Electronics,Product_64,4,1802,19,Bengaluru,Cash,Returned
ORD1160,CUST936,6/10/2025,Electronics,Product_32,4,1119,4,Tirunelveli,Card,Returned
ORD1161,CUST626,3/8/2025,Home,Product_33,3,4975,4,Coimbatore,Cash,In-Transit
ORD1162,CUST904,9/28/2025,Electronics,Product_89,3,1927,22,Tirunelveli,Cash,In-Transit
ORD1163,CUST218,9/5/2025,Home,Product_36,1,4580,29,Bengaluru,UPI,In-Transit
ORD1164,CUST686,9/10/2025,Electronics,Product_40,2,2537,12,Tirunelveli,Card,In-Transit
ORD1165,CUST143,2/18/2025,Books,Product_55,3,4942,10,Madurai,Cash,Delivered
ORD1166,CUST810,6/9/2025,Books,Product_118,5,2693,29,Bengaluru,Cash,Delivered
ORD1167,CUST445,8/19/2025,Home,Product_56,5,4603,13,Madurai,Cash,Cancelled
ORD1168,CUST683,2/15/2025,Home,Product_121,5,1165,30,Madurai,Card,Cancelled
ORD1169,CUST670,8/10/2025,Electronics,Product_38,1,455,5,Tirunelveli,Card,Cancelled
ORD1170,CUST478,9/22/2025,Fashion,Product_131,1,2509,23,Trichy,Cash,Delivered
ORD1171,CUST857,11/5/2025,Fashion,Product_83,1,4380,18,Trichy,Cash,Delivered
ORD1172,CUST430,7/20/2025,Electronics,Product_50,1,2106,8,Coimbatore,NetBanking,Delivered
ORD1173,CUST520,7/20/2025,Fashion,Product_16,4,573,14,Bengaluru,Cash,In-Transit
ORD1174,CUST174,11/2/2025,Electronics,Product_107,4,939,13,Madurai,UPI,Returned
ORD1175,CUST754,1/16/2025,Grocery,Product_28,4,2049,15,Hyderabad,Cash,Returned
ORD1176,CUST612,6/24/2025,Grocery,Product_102,2,1123,27,Trichy,Card,Returned
ORD1177,CUST329,1/18/2025,Grocery,Product_51,4,2084,23,Trichy,UPI,In-Transit
ORD1178,CUST976,5/2/2025,Books,Product_3,1,3476,20,Trichy,NetBanking,Returned
ORD1179,CUST586,3/5/2025,Electronics,Product_52,4,3105,1,Trichy,NetBanking,In-Transit
ORD1180,CUST696,7/16/2025,Home,Product_44,5,4973,29,Hyderabad,Card,Delivered
ORD1181,CUST142,12/24/2025,Home,Product_50,4,681,10,Coimbatore,Cash,Returned
ORD1182,CUST513,10/17/2025,Books,Product_88,2,4043,12,Trichy,UPI,Cancelled
ORD1183,CUST786,11/29/2025,Home,Product_23,1,1903,5,Coimbatore,Cash,In-Transit
ORD1184,CUST756,4/17/2025,Books,Product_14,5,4767,10,Tirunelveli,NetBanking,Delivered
ORD1185,CUST184,1/2/2025,Grocery,Product_120,4,2205,21,Chennai,UPI,Delivered
ORD1186,CUST396,7/13/2025,Fashion,Product_143,5,3672,11,Coimbatore,NetBanking,Returned
ORD1187,CUST559,7/29/2025,Home,Product_145,3,3201,8,Coimbatore,Card,Returned
ORD1188,CUST103,4/17/2025,Books,Product_35,2,3630,27,Coimbatore,NetBanking,Delivered
ORD1189,CUST197,8/21/2025,Home,Product_21,2,2980,27,Madurai,UPI,In-Transit
ORD1190,CUST588,4/29/2025,Electronics,Product_130,2,2885,9,Tirunelveli,Card,Delivered
ORD1191,CUST758,1/19/2025,Grocery,Product_141,5,703,21,Chennai,Cash,Cancelled
ORD1192,CUST318,8/25/2025,Fashion,Product_83,2,2031,20,Chennai,NetBanking,Cancelled
ORD1193,CUST459,5/6/2025,Grocery,Product_107,2,3627,26,Bengaluru,UPI,Delivered
ORD1194,CUST475,8/31/2025,Electronics,Product_110,2,4500,2,Coimbatore,UPI,Delivered
ORD1195,CUST259,8/14/2025,Books,Product_27,5,1748,19,Bengaluru,Card,Cancelled
ORD1196,CUST706,10/4/2025,Home,Product_112,5,2841,14,Chennai,UPI,Cancelled
ORD1197,CUST365,4/5/2025,Electronics,Product_21,4,4136,29,Bengaluru,Card,In-Transit
ORD1198,CUST682,7/31/2025,Home,Product_38,3,1120,5,Madurai,NetBanking,In-Transit
ORD1199,CUST603,2/8/2025,Grocery,Product_69,3,4338,29,Trichy,NetBanking,Cancelled
ORD1200,CUST816,9/16/2025,Books,Product_21,5,895,14,Madurai,NetBanking,Delivered
ORD1201,CUST406,10/25/2025,Grocery,Product_13,4,3336,14,Coimbatore,NetBanking,In-Transit
ORD1202,CUST334,1/10/2025,Fashion,Product_111,5,2239,28,Hyderabad,Cash,Returned
ORD1203,CUST957,5/28/2025,Electronics,Product_35,2,949,11,Hyderabad,UPI,Delivered
ORD1204,CUST372,11/17/2025,Home,Product_73,4,1065,6,Tirunelveli,NetBanking,Returned
ORD1205,CUST995,2/16/2025,Books,Product_111,3,1735,19,Hyderabad,NetBanking,Cancelled
ORD1206,CUST530,8/10/2025,Books,Product_74,4,2923,24,Chennai,Card,Cancelled
ORD1207,CUST863,5/1/2025,Fashion,Product_36,4,2815,17,Madurai,Card,Returned
ORD1208,CUST452,6/4/2025,Home,Product_35,5,2128,18,Tirunelveli,Card,In-Transit
ORD1209,CUST227,12/3/2025,Fashion,Product_48,3,4779,30,Chennai,NetBanking,In-Transit
ORD1210,CUST683,8/28/2025,Electronics,Product_135,1,2275,28,Madurai,UPI,Cancelled
ORD1211,CUST789,9/19/2025,Fashion,Product_119,3,1786,8,Trichy,Card,Delivered
ORD1212,CUST720,7/1/2025,Home,Product_147,3,2756,26,Hyderabad,UPI,Cancelled
ORD1213,CUST760,11/5/2025,Grocery,Product_140,4,586,14,Bengaluru,Cash,Delivered
ORD1214,CUST953,8/16/2025,Home,Product_120,2,1701,1,Chennai,UPI,Returned
ORD1215,CUST260,11/2/2025,Fashion,Product_109,2,3459,15,Madurai,NetBanking,Returned
ORD1216,CUST228,11/2/2025,Grocery,Product_109,1,811,25,Trichy,NetBanking,Returned
ORD1217,CUST573,8/12/2025,Home,Product_7,5,1426,7,Coimbatore,Cash,Cancelled
ORD1218,CUST442,4/17/2025,Home,Product_3,2,1443,13,Tirunelveli,Card,Delivered
ORD1219,CUST352,10/23/2025,Books,Product_46,4,4470,30,Trichy,Cash,In-Transit
ORD1220,CUST360,2/26/2025,Electronics,Product_139,4,2965,13,Madurai,Card,Delivered
ORD1221,CUST422,3/19/2025,Grocery,Product_135,2,1689,11,Coimbatore,Cash,Cancelled
ORD1222,CUST847,3/23/2025,Grocery,Product_146,3,2623,19,Trichy,Cash,In-Transit
ORD1223,CUST883,4/21/2025,Grocery,Product_117,2,353,1,Trichy,NetBanking,Delivered
ORD1224,CUST426,4/4/2025,Home,Product_71,1,3837,26,Madurai,NetBanking,Returned
ORD1225,CUST483,10/20/2025,Fashion,Product_53,3,2314,6,Hyderabad,Card,Cancelled
ORD1226,CUST535,6/18/2025,Electronics,Product_84,2,4105,5,Chennai,UPI,Returned
ORD1227,CUST369,10/9/2025,Grocery,Product_14,1,1170,26,Trichy,Cash,In-Transit
ORD1228,CUST447,2/19/2025,Fashion,Product_42,4,4901,12,Coimbatore,Card,In-Transit
ORD1229,CUST878,12/12/2025,Fashion,Product_73,2,1870,17,Hyderabad,Card,Cancelled
ORD1230,CUST662,3/3/2025,Fashion,Product_54,5,4602,12,Hyderabad,NetBanking,Delivered
ORD1231,CUST949,12/5/2025,Grocery,Product_52,3,3595,10,Madurai,UPI,In-Transit
ORD1232,CUST173,3/23/2025,Grocery,Product_88,3,4959,19,Madurai,UPI,Returned
ORD1233,CUST978,5/30/2025,Fashion,Product_125,3,1935,17,Coimbatore,NetBanking,In-Transit
ORD1234,CUST487,2/11/2025,Fashion,Product_108,3,2143,2,Coimbatore,UPI,Returned
ORD1235,CUST904,11/5/2025,Grocery,Product_50,1,4880,29,Coimbatore,Card,Delivered
ORD1236,CUST704,2/15/2025,Home,Product_146,4,2540,24,Chennai,UPI,Returned
ORD1237,CUST720,10/21/2025,Fashion,Product_88,3,3160,15,Hyderabad,Cash,Cancelled
ORD1238,CUST222,3/6/2025,Electronics,Product_64,2,4990,3,Bengaluru,Card,Delivered
ORD1239,CUST603,9/14/2025,Grocery,Product_41,1,2100,2,Bengaluru,Card,Returned
ORD1240,CUST969,7/8/2025,Grocery,Product_46,4,394,17,Hyderabad,Cash,Cancelled
ORD1241,CUST683,5/8/2025,Home,Product_79,2,3248,7,Hyderabad,UPI,Cancelled
ORD1242,CUST916,4/10/2025,Grocery,Product_53,3,2356,17,Coimbatore,UPI,Returned
ORD1243,CUST135,9/27/2025,Home,Product_8,2,3232,19,Chennai,Cash,Cancelled
ORD1244,CUST542,11/2/2025,Home,Product_61,3,2266,16,Chennai,UPI,Returned
ORD1245,CUST914,5/19/2025,Fashion,Product_67,3,4050,14,Trichy,Cash,Cancelled
ORD1246,CUST347,7/31/2025,Books,Product_39,5,1205,19,Trichy,Card,Returned
ORD1247,CUST712,4/12/2025,Fashion,Product_87,5,4627,7,Trichy,UPI,Returned
ORD1248,CUST297,7/29/2025,Fashion,Product_76,5,1000,9,Bengaluru,UPI,Returned
ORD1249,CUST905,7/26/2025,Electronics,Product_20,1,4016,3,Tirunelveli,Cash,Delivered
ORD1250,CUST362,1/1/2025,Grocery,Product_38,4,2617,12,Trichy,UPI,Returned
ORD1251,CUST506,7/8/2025,Fashion,Product_70,1,1530,8,Coimbatore,Cash,Returned
ORD1252,CUST184,1/7/2025,Electronics,Product_65,1,1370,12,Coimbatore,Card,Returned
ORD1253,CUST767,4/16/2025,Books,Product_96,2,2839,8,Trichy,Cash,Cancelled
ORD1254,CUST687,4/6/2025,Grocery,Product_146,3,539,17,Madurai,UPI,Returned
ORD1255,CUST727,4/14/2025,Fashion,Product_11,3,3863,6,Hyderabad,UPI,In-Transit
ORD1256,CUST907,8/14/2025,Home,Product_36,4,4546,10,Tirunelveli,UPI,In-Transit
ORD1257,CUST886,7/1/2025,Fashion,Product_57,1,1549,19,Tirunelveli,NetBanking,Returned
ORD1258,CUST379,5/14/2025,Books,Product_18,5,3381,12,Hyderabad,Cash,In-Transit
ORD1259,CUST290,1/16/2025,Home,Product_59,1,3023,11,Tirunelveli,Cash,In-Transit
ORD1260,CUST938,12/26/2025,Electronics,Product_47,3,4758,10,Hyderabad,UPI,In-Transit
ORD1261,CUST861,7/17/2025,Electronics,Product_72,5,2582,22,Tirunelveli,Cash,In-Transit
ORD1262,CUST719,6/3/2025,Home,Product_70,1,973,24,Coimbatore,Cash,Delivered
ORD1263,CUST863,6/19/2025,Home,Product_115,1,2335,0,Hyderabad,Card,Cancelled
ORD1264,CUST577,6/25/2025,Fashion,Product_43,1,3308,2,Bengaluru,Cash,Delivered
ORD1265,CUST233,6/8/2025,Grocery,Product_87,5,1449,4,Tirunelveli,Cash,Returned
ORD1266,CUST212,1/4/2025,Home,Product_47,5,791,4,Bengaluru,Cash,Returned
ORD1267,CUST974,1/15/2025,Fashion,Product_72,5,1138,29,Madurai,Card,In-Transit
ORD1268,CUST600,12/6/2025,Books,Product_15,4,2176,19,Hyderabad,NetBanking,Returned
ORD1269,CUST615,1/7/2025,Grocery,Product_65,3,2263,14,Coimbatore,Cash,Delivered
ORD1270,CUST322,6/23/2025,Electronics,Product_91,5,1202,0,Tirunelveli,NetBanking,In-Transit
ORD1271,CUST571,8/12/2025,Grocery,Product_54,4,4457,5,Tirunelveli,Cash,Delivered
ORD1272,CUST337,12/1/2025,Electronics,Product_77,4,1462,3,Tirunelveli,NetBanking,Returned
ORD1273,CUST505,3/12/2025,Home,Product_10,1,2492,13,Bengaluru,Cash,Returned
ORD1274,CUST909,5/27/2025,Home,Product_80,3,3181,1,Madurai,Card,Cancelled
ORD1275,CUST407,3/1/2025,Fashion,Product_135,5,1422,18,Madurai,UPI,In-Transit
ORD1276,CUST520,2/1/2025,Fashion,Product_23,5,1295,24,Coimbatore,Cash,Delivered
ORD1277,CUST649,6/9/2025,Books,Product_96,2,1712,23,Madurai,NetBanking,Cancelled
ORD1278,CUST999,9/10/2025,Home,Product_76,1,359,17,Chennai,Cash,Delivered
ORD1279,CUST918,12/21/2025,Grocery,Product_133,3,4102,10,Coimbatore,UPI,In-Transit
ORD1280,CUST601,6/25/2025,Grocery,Product_76,2,323,16,Tirunelveli,Card,Cancelled
ORD1281,CUST172,12/22/2025,Grocery,Product_52,2,2009,26,Bengaluru,Cash,Cancelled
ORD1282,CUST971,10/30/2025,Fashion,Product_55,3,2151,13,Bengaluru,Cash,Returned
ORD1283,CUST309,11/16/2025,Fashion,Product_44,2,2926,17,Coimbatore,NetBanking,Cancelled
ORD1284,CUST359,9/13/2025,Electronics,Product_145,2,1538,13,Chennai,NetBanking,Returned
ORD1285,CUST394,4/12/2025,Fashion,Product_102,1,4470,22,Trichy,UPI,Returned
ORD1286,CUST666,9/8/2025,Home,Product_136,2,4210,13,Madurai,NetBanking,Cancelled
ORD1287,CUST659,4/16/2025,Books,Product_59,5,1893,30,Trichy,UPI,Delivered
ORD1288,CUST676,6/4/2025,Books,Product_52,3,2785,9,Coimbatore,Card,Cancelled
ORD1289,CUST517,8/28/2025,Home,Product_48,2,2904,10,Chennai,UPI,Returned
ORD1290,CUST356,4/24/2025,Grocery,Product_50,4,4595,11,Trichy,UPI,Delivered
ORD1291,CUST798,12/1/2025,Home,Product_91,4,3844,26,Tirunelveli,Cash,Delivered
ORD1292,CUST314,8/22/2025,Books,Product_61,2,1789,4,Trichy,Cash,Returned
ORD1293,CUST496,10/1/2025,Grocery,Product_80,5,2495,7,Bengaluru,Card,Cancelled
ORD1294,CUST813,9/5/2025,Electronics,Product_25,5,477,16,Tirunelveli,NetBanking,Delivered
ORD1295,CUST973,9/20/2025,Electronics,Product_11,4,185,21,Bengaluru,NetBanking,In-Transit
ORD1296,CUST944,5/16/2025,Fashion,Product_5,2,2514,3,Bengaluru,UPI,Returned
ORD1297,CUST147,8/27/2025,Grocery,Product_15,5,2884,17,Tirunelveli,UPI,In-Transit
ORD1298,CUST403,2/21/2025,Books,Product_25,5,592,6,Chennai,Cash,In-Transit
ORD1299,CUST809,6/23/2025,Electronics,Product_12,4,468,22,Coimbatore,NetBanking,Delivered
ORD1300,CUST576,5/23/2025,Books,Product_111,2,2214,26,Tirunelveli,Card,In-Transit
ORD1301,CUST104,6/8/2025,Electronics,Product_86,1,4073,0,Madurai,NetBanking,Delivered
ORD1302,CUST106,11/8/2025,Fashion,Product_104,5,454,2,Trichy,UPI,In-Transit
ORD1303,CUST643,9/11/2025,Electronics,Product_125,2,2809,29,Coimbatore,UPI,Returned
ORD1304,CUST132,5/14/2025,Books,Product_115,2,3404,27,Madurai,Cash,Returned
ORD1305,CUST317,2/10/2025,Electronics,Product_117,3,437,3,Tirunelveli,NetBanking,In-Transit
ORD1306,CUST844,8/22/2025,Books,Product_3,5,2584,3,Tirunelveli,Cash,Delivered
ORD1307,CUST901,5/8/2025,Grocery,Product_128,3,2955,19,Madurai,Card,Cancelled
ORD1308,CUST217,11/20/2025,Home,Product_148,2,2773,28,Trichy,Card,Delivered
ORD1309,CUST659,3/9/2025,Fashion,Product_144,3,3913,27,Hyderabad,NetBanking,In-Transit
ORD1310,CUST775,3/14/2025,Fashion,Product_121,2,1339,29,Bengaluru,UPI,Cancelled
ORD1311,CUST407,6/14/2025,Books,Product_121,2,644,26,Coimbatore,Card,Cancelled
ORD1312,CUST609,3/9/2025,Fashion,Product_53,3,1943,10,Chennai,Cash,Cancelled
ORD1313,CUST288,9/8/2025,Books,Product_123,2,893,5,Tirunelveli,NetBanking,Cancelled
ORD1314,CUST907,1/13/2025,Books,Product_89,4,4263,6,Hyderabad,Card,Delivered
ORD1315,CUST120,8/26/2025,Home,Product_54,5,1067,4,Tirunelveli,Cash,Cancelled
ORD1316,CUST801,5/18/2025,Fashion,Product_87,4,2851,20,Bengaluru,Cash,In-Transit
ORD1317,CUST639,11/30/2025,Electronics,Product_109,2,2663,11,Bengaluru,Card,Returned
ORD1318,CUST572,10/23/2025,Books,Product_97,5,1424,1,Coimbatore,NetBanking,In-Transit
ORD1319,CUST633,5/4/2025,Home,Product_19,1,1562,15,Chennai,Card,Cancelled
ORD1320,CUST430,5/15/2025,Fashion,Product_150,1,4782,26,Hyderabad,Card,In-Transit
ORD1321,CUST145,4/5/2025,Grocery,Product_56,3,3776,9,Coimbatore,Cash,Delivered
ORD1322,CUST139,4/17/2025,Electronics,Product_132,2,4101,19,Bengaluru,UPI,In-Transit
ORD1323,CUST860,2/26/2025,Grocery,Product_107,4,2384,29,Trichy,NetBanking,Delivered
ORD1324,CUST733,1/5/2025,Grocery,Product_28,5,4065,12,Madurai,Cash,Returned
ORD1325,CUST838,9/14/2025,Home,Product_146,5,3097,19,Chennai,Cash,Delivered
ORD1326,CUST454,11/6/2025,Grocery,Product_14,5,703,19,Hyderabad,UPI,In-Transit
ORD1327,CUST106,10/15/2025,Grocery,Product_41,2,4907,16,Chennai,Cash,Delivered
ORD1328,CUST342,6/6/2025,Grocery,Product_52,1,1213,10,Trichy,NetBanking,Returned
ORD1329,CUST371,12/17/2025,Books,Product_91,2,2509,24,Coimbatore,UPI,Cancelled
ORD1330,CUST424,2/10/2025,Home,Product_148,5,147,17,Trichy,Card,In-Transit
ORD1331,CUST304,8/12/2025,Home,Product_29,3,1316,2,Madurai,NetBanking,Delivered
ORD1332,CUST569,2/13/2025,Fashion,Product_36,3,2306,2,Madurai,NetBanking,Returned
ORD1333,CUST521,9/29/2025,Fashion,Product_32,3,3614,5,Tirunelveli,NetBanking,Returned
ORD1334,CUST497,2/20/2025,Books,Product_123,4,634,21,Trichy,Cash,Cancelled
ORD1335,CUST744,6/21/2025,Grocery,Product_140,1,3723,19,Tirunelveli,UPI,Returned
ORD1336,CUST241,4/29/2025,Books,Product_80,3,2252,9,Bengaluru,NetBanking,Cancelled
ORD1337,CUST681,3/24/2025,Grocery,Product_28,1,2032,10,Trichy,Cash,In-Transit
ORD1338,CUST536,12/27/2025,Grocery,Product_106,2,2001,2,Madurai,NetBanking,In-Transit
ORD1339,CUST732,5/11/2025,Grocery,Product_11,2,3619,12,Chennai,NetBanking,In-Transit
ORD1340,CUST824,6/27/2025,Grocery,Product_22,1,460,13,Madurai,Card,Delivered
ORD1341,CUST584,12/28/2025,Books,Product_92,1,4480,3,Coimbatore,Card,In-Transit
ORD1342,CUST758,8/18/2025,Books,Product_111,2,4575,14,Madurai,UPI,Cancelled
ORD1343,CUST614,5/11/2025,Electronics,Product_28,2,4960,24,Chennai,Card,Cancelled
ORD1344,CUST745,8/11/2025,Electronics,Product_35,4,1764,30,Madurai,Cash,Delivered
ORD1345,CUST591,2/5/2025,Electronics,Product_38,2,2151,20,Madurai,Cash,In-Transit
ORD1346,CUST811,7/31/2025,Electronics,Product_58,3,1444,27,Chennai,UPI,In-Transit
ORD1347,CUST701,11/8/2025,Fashion,Product_91,3,2021,16,Hyderabad,Cash,Delivered
ORD1348,CUST363,9/9/2025,Electronics,Product_111,2,2281,3,Hyderabad,UPI,Cancelled
ORD1349,CUST988,9/30/2025,Books,Product_71,4,4430,8,Trichy,NetBanking,In-Transit
ORD1350,CUST194,7/13/2025,Fashion,Product_103,4,1463,14,Coimbatore,UPI,Delivered
ORD1351,CUST588,9/2/2025,Fashion,Product_121,2,4724,3,Coimbatore,Cash,In-Transit
ORD1352,CUST455,10/22/2025,Grocery,Product_106,1,1956,12,Chennai,UPI,In-Transit
ORD1353,CUST970,11/7/2025,Electronics,Product_30,1,1389,10,Chennai,Cash,Returned
ORD1354,CUST153,5/1/2025,Grocery,Product_19,5,1650,20,Chennai,NetBanking,Delivered
ORD1355,CUST779,6/4/2025,Books,Product_41,3,4986,22,Coimbatore,NetBanking,Delivered
ORD1356,CUST965,5/10/2025,Books,Product_113,2,3302,1,Bengaluru,NetBanking,Delivered
ORD1357,CUST300,5/16/2025,Grocery,Product_94,5,4517,27,Tirunelveli,Cash,Returned
ORD1358,CUST642,4/5/2025,Electronics,Product_61,4,4404,26,Trichy,UPI,Returned
ORD1359,CUST283,2/13/2025,Fashion,Product_82,5,2042,0,Chennai,NetBanking,Returned
ORD1360,CUST715,12/25/2025,Books,Product_79,3,3126,19,Trichy,NetBanking,Delivered
ORD1361,CUST126,1/18/2025,Books,Product_91,3,626,27,Madurai,Card,Cancelled
ORD1362,CUST723,4/8/2025,Home,Product_144,5,116,20,Hyderabad,UPI,Delivered
ORD1363,CUST179,2/21/2025,Home,Product_142,2,932,16,Chennai,NetBanking,Returned
ORD1364,CUST999,11/26/2025,Electronics,Product_138,1,4700,1,Trichy,Cash,Cancelled
ORD1365,CUST529,3/26/2025,Home,Product_121,1,2428,10,Trichy,Cash,Delivered
ORD1366,CUST871,1/16/2025,Home,Product_3,1,1909,13,Tirunelveli,UPI,In-Transit
ORD1367,CUST691,4/19/2025,Home,Product_107,5,3815,28,Madurai,Cash,Cancelled
ORD1368,CUST560,11/7/2025,Home,Product_9,1,3150,17,Madurai,Cash,Delivered
ORD1369,CUST807,7/3/2025,Grocery,Product_8,3,4219,23,Hyderabad,Card,In-Transit
ORD1370,CUST822,4/17/2025,Electronics,Product_10,2,4142,18,Bengaluru,NetBanking,Cancelled
ORD1371,CUST399,6/11/2025,Fashion,Product_117,4,4600,2,Coimbatore,UPI,Delivered
ORD1372,CUST414,2/28/2025,Fashion,Product_68,3,268,30,Hyderabad,NetBanking,In-Transit
ORD1373,CUST272,3/23/2025,Home,Product_52,2,4952,2,Tirunelveli,UPI,Delivered
ORD1374,CUST206,12/5/2025,Fashion,Product_93,4,1040,24,Chennai,Card,Delivered
ORD1375,CUST286,8/10/2025,Books,Product_81,1,1750,15,Hyderabad,NetBanking,Returned
ORD1376,CUST279,9/14/2025,Electronics,Product_135,1,1500,23,Trichy,UPI,In-Transit
ORD1377,CUST619,5/8/2025,Books,Product_7,4,2087,15,Coimbatore,NetBanking,Delivered
ORD1378,CUST635,6/11/2025,Electronics,Product_130,4,1180,13,Chennai,Cash,Cancelled
ORD1379,CUST970,6/16/2025,Fashion,Product_123,5,1251,14,Chennai,NetBanking,In-Transit
ORD1380,CUST616,7/17/2025,Grocery,Product_121,1,4832,17,Madurai,UPI,Returned
ORD1381,CUST675,10/8/2025,Books,Product_121,5,878,29,Chennai,Card,Returned
ORD1382,CUST318,4/21/2025,Grocery,Product_94,3,2354,25,Trichy,Cash,In-Transit
ORD1383,CUST987,6/30/2025,Electronics,Product_107,1,1134,15,Coimbatore,UPI,Delivered
ORD1384,CUST651,6/6/2025,Fashion,Product_75,3,3662,0,Tirunelveli,Card,Cancelled
ORD1385,CUST135,8/28/2025,Grocery,Product_55,1,1905,14,Trichy,UPI,Returned
ORD1386,CUST533,7/19/2025,Grocery,Product_114,5,1174,14,Coimbatore,UPI,Delivered
ORD1387,CUST746,4/4/2025,Electronics,Product_37,2,1338,11,Madurai,Cash,In-Transit
ORD1388,CUST175,2/25/2025,Fashion,Product_143,5,4080,30,Trichy,NetBanking,In-Transit
ORD1389,CUST830,8/8/2025,Home,Product_50,3,854,5,Tirunelveli,NetBanking,Cancelled
ORD1390,CUST685,4/15/2025,Electronics,Product_129,2,2729,10,Hyderabad,Cash,Cancelled
ORD1391,CUST721,4/14/2025,Fashion,Product_66,4,4599,21,Madurai,Card,In-Transit
ORD1392,CUST248,11/8/2025,Home,Product_83,2,3899,23,Trichy,UPI,Returned
ORD1393,CUST185,1/13/2025,Books,Product_23,5,2217,14,Bengaluru,Cash,Returned
ORD1394,CUST745,9/26/2025,Grocery,Product_98,4,1424,29,Chennai,Cash,In-Transit
ORD1395,CUST204,1/6/2025,Home,Product_103,4,1345,7,Chennai,UPI,Returned
ORD1396,CUST530,3/7/2025,Fashion,Product_21,4,1321,5,Bengaluru,Card,Returned
ORD1397,CUST800,2/20/2025,Grocery,Product_92,3,1532,19,Bengaluru,Card,Delivered
ORD1398,CUST368,7/1/2025,Electronics,Product_145,4,3547,5,Tirunelveli,UPI,Cancelled
ORD1399,CUST291,11/6/2025,Home,Product_21,1,4699,2,Chennai,NetBanking,In-Transit
ORD1400,CUST520,9/24/2025,Fashion,Product_93,1,3982,4,Coimbatore,NetBanking,Cancelled
ORD1401,CUST449,11/21/2025,Electronics,Product_96,4,2685,15,Madurai,Cash,Delivered
ORD1402,CUST982,9/21/2025,Books,Product_112,1,1851,14,Coimbatore,UPI,In-Transit
ORD1403,CUST406,10/10/2025,Home,Product_95,5,2897,12,Chennai,Card,Returned
ORD1404,CUST703,11/25/2025,Grocery,Product_16,1,4343,16,Coimbatore,NetBanking,Delivered
ORD1405,CUST978,3/26/2025,Fashion,Product_120,3,1810,27,Bengaluru,UPI,Delivered
ORD1406,CUST543,3/13/2025,Books,Product_6,2,4820,28,Madurai,NetBanking,Delivered
ORD1407,CUST216,10/4/2025,Grocery,Product_72,5,1896,9,Hyderabad,Cash,Returned
ORD1408,CUST484,5/12/2025,Home,Product_129,5,1994,2,Hyderabad,NetBanking,In-Transit
ORD1409,CUST936,7/31/2025,Fashion,Product_145,2,4180,8,Chennai,Card,Returned
ORD1410,CUST307,7/8/2025,Home,Product_72,5,792,22,Tirunelveli,UPI,In-Transit
ORD1411,CUST284,6/21/2025,Books,Product_51,5,589,29,Coimbatore,Cash,Delivered
ORD1412,CUST948,4/29/2025,Fashion,Product_49,5,2861,8,Chennai,Cash,Delivered
ORD1413,CUST777,8/19/2025,Fashion,Product_91,1,2197,18,Trichy,NetBanking,In-Transit
ORD1414,CUST480,5/27/2025,Home,Product_29,4,1515,17,Bengaluru,Cash,Returned
ORD1415,CUST672,8/16/2025,Grocery,Product_86,1,3995,23,Bengaluru,Card,Returned
ORD1416,CUST524,8/5/2025,Fashion,Product_129,5,3103,24,Tirunelveli,UPI,Delivered
ORD1417,CUST578,1/13/2025,Grocery,Product_112,4,3052,18,Coimbatore,NetBanking,Delivered
ORD1418,CUST669,6/17/2025,Books,Product_21,4,2843,13,Hyderabad,Cash,Cancelled
ORD1419,CUST591,7/9/2025,Grocery,Product_81,5,339,18,Madurai,Cash,In-Transit
ORD1420,CUST378,7/12/2025,Grocery,Product_38,1,4039,18,Chennai,Card,Cancelled
ORD1421,CUST963,9/9/2025,Grocery,Product_49,2,557,25,Trichy,NetBanking,Cancelled
ORD1422,CUST555,7/10/2025,Electronics,Product_115,5,1466,25,Madurai,NetBanking,Cancelled
ORD1423,CUST860,7/24/2025,Books,Product_146,3,4370,4,Bengaluru,UPI,Cancelled
ORD1424,CUST361,6/30/2025,Fashion,Product_119,5,199,8,Trichy,NetBanking,Cancelled
ORD1425,CUST665,4/26/2025,Grocery,Product_2,3,156,20,Coimbatore,Cash,Cancelled
ORD1426,CUST406,11/22/2025,Books,Product_118,1,1434,14,Madurai,Cash,Returned
ORD1427,CUST414,11/26/2025,Books,Product_78,5,2895,30,Bengaluru,NetBanking,Returned
ORD1428,CUST127,10/3/2025,Electronics,Product_73,5,1161,25,Coimbatore,UPI,Cancelled
ORD1429,CUST161,12/2/2025,Electronics,Product_19,5,3474,28,Chennai,NetBanking,Returned
ORD1430,CUST428,7/7/2025,Grocery,Product_23,4,2704,15,Bengaluru,NetBanking,Cancelled
ORD1431,CUST710,8/2/2025,Home,Product_75,5,4525,26,Trichy,Cash,Returned
ORD1432,CUST359,5/15/2025,Electronics,Product_9,4,4702,18,Coimbatore,UPI,Returned
ORD1433,CUST640,3/8/2025,Books,Product_50,3,286,3,Tirunelveli,Card,Delivered
ORD1434,CUST364,11/6/2025,Books,Product_140,4,3980,8,Madurai,NetBanking,In-Transit
ORD1435,CUST135,6/17/2025,Electronics,Product_75,2,1545,3,Bengaluru,NetBanking,Cancelled
ORD1436,CUST487,1/11/2025,Fashion,Product_81,1,4583,9,Coimbatore,NetBanking,Cancelled
ORD1437,CUST908,11/5/2025,Home,Product_126,1,2521,29,Chennai,NetBanking,Delivered
ORD1438,CUST114,11/8/2025,Electronics,Product_128,3,586,11,Trichy,Cash,In-Transit
ORD1439,CUST904,12/23/2025,Books,Product_13,3,4223,7,Hyderabad,Card,In-Transit
ORD1440,CUST598,2/2/2025,Books,Product_137,3,4352,12,Chennai,NetBanking,Returned
ORD1441,CUST859,10/28/2025,Fashion,Product_10,5,4129,9,Hyderabad,Cash,In-Transit
ORD1442,CUST205,11/28/2025,Electronics,Product_31,1,563,20,Chennai,UPI,Delivered
ORD1443,CUST452,6/21/2025,Home,Product_13,2,845,18,Chennai,Cash,Cancelled
ORD1444,CUST455,12/31/2025,Home,Product_133,4,3468,7,Hyderabad,UPI,Returned
ORD1445,CUST602,10/5/2025,Books,Product_50,1,2654,3,Hyderabad,Cash,Returned
ORD1446,CUST491,2/10/2025,Grocery,Product_29,2,1135,10,Hyderabad,Cash,Cancelled
ORD1447,CUST390,3/31/2025,Fashion,Product_48,1,1333,14,Madurai,Cash,Delivered
ORD1448,CUST711,3/21/2025,Books,Product_90,5,917,21,Chennai,Cash,Returned
ORD1449,CUST478,8/28/2025,Fashion,Product_8,5,4738,0,Trichy,Cash,Returned
ORD1450,CUST416,10/5/2025,Electronics,Product_76,4,3894,9,Chennai,Cash,Cancelled
ORD1451,CUST743,10/28/2025,Grocery,Product_112,4,3602,18,Tirunelveli,NetBanking,Returned
ORD1452,CUST685,3/28/2025,Grocery,Product_39,1,2740,14,Trichy,Cash,Cancelled
ORD1453,CUST743,2/3/2025,Electronics,Product_60,4,431,14,Hyderabad,NetBanking,Delivered
ORD1454,CUST491,7/25/2025,Electronics,Product_46,1,4740,15,Trichy,Card,In-Transit
ORD1455,CUST526,12/24/2025,Fashion,Product_8,1,3891,2,Trichy,Card,Cancelled
ORD1456,CUST178,7/1/2025,Electronics,Product_22,5,1273,25,Coimbatore,UPI,Cancelled
ORD1457,CUST892,12/10/2025,Fashion,Product_107,4,887,7,Tirunelveli,NetBanking,Delivered
ORD1458,CUST602,1/30/2025,Fashion,Product_101,5,1377,13,Tirunelveli,NetBanking,Returned
ORD1459,CUST965,9/17/2025,Home,Product_144,3,931,22,Madurai,Card,In-Transit
ORD1460,CUST161,8/11/2025,Home,Product_120,5,705,15,Hyderabad,Cash,Delivered
ORD1461,CUST902,7/23/2025,Home,Product_32,5,1130,25,Madurai,NetBanking,Cancelled
ORD1462,CUST596,7/16/2025,Fashion,Product_83,4,449,18,Coimbatore,Cash,In-Transit
ORD1463,CUST558,8/4/2025,Home,Product_101,2,3385,5,Tirunelveli,NetBanking,Returned
ORD1464,CUST606,9/22/2025,Books,Product_146,3,4687,5,Trichy,Card,Returned
ORD1465,CUST251,10/4/2025,Fashion,Product_136,2,4396,27,Tirunelveli,Cash,In-Transit
ORD1466,CUST407,11/15/2025,Grocery,Product_71,2,2683,10,Chennai,Cash,Delivered
ORD1467,CUST720,11/6/2025,Fashion,Product_24,5,1122,23,Madurai,NetBanking,In-Transit
ORD1468,CUST354,3/31/2025,Books,Product_112,1,778,14,Madurai,Card,Returned
ORD1469,CUST199,11/10/2025,Fashion,Product_64,1,550,13,Coimbatore,UPI,Delivered
ORD1470,CUST490,10/28/2025,Grocery,Product_44,2,1590,21,Chennai,Card,Returned
ORD1471,CUST436,8/5/2025,Electronics,Product_40,1,4232,30,Trichy,NetBanking,In-Transit
ORD1472,CUST344,12/10/2025,Electronics,Product_42,4,2385,13,Tirunelveli,Cash,Returned
ORD1473,CUST143,10/22/2025,Grocery,Product_26,4,1695,28,Trichy,NetBanking,Cancelled
ORD1474,CUST267,5/24/2025,Electronics,Product_105,2,1472,19,Trichy,Card,Delivered
ORD1475,CUST566,7/17/2025,Grocery,Product_77,5,3626,2,Chennai,NetBanking,Cancelled
ORD1476,CUST844,1/22/2025,Grocery,Product_58,5,2968,14,Bengaluru,Card,In-Transit
ORD1477,CUST331,5/24/2025,Home,Product_125,1,3485,24,Trichy,Cash,Returned
ORD1478,CUST407,6/29/2025,Home,Product_82,2,3428,17,Tirunelveli,Card,Cancelled
ORD1479,CUST764,6/6/2025,Grocery,Product_67,3,2140,3,Bengaluru,Card,In-Transit
ORD1480,CUST350,9/4/2025,Fashion,Product_44,4,213,16,Hyderabad,Card,In-Transit
ORD1481,CUST528,12/21/2025,Books,Product_51,5,1747,4,Chennai,NetBanking,In-Transit
ORD1482,CUST550,7/1/2025,Fashion,Product_75,1,1179,14,Bengaluru,NetBanking,Cancelled
ORD1483,CUST488,10/27/2025,Fashion,Product_85,2,4458,20,Tirunelveli,UPI,Cancelled
ORD1484,CUST239,2/15/2025,Home,Product_70,2,2717,19,Tirunelveli,Card,Returned
ORD1485,CUST336,1/12/2025,Electronics,Product_80,3,2345,28,Coimbatore,UPI,Cancelled
ORD1486,CUST866,4/3/2025,Fashion,Product_35,2,2296,10,Trichy,Card,Cancelled
ORD1487,CUST403,3/14/2025,Books,Product_39,4,1134,1,Madurai,NetBanking,In-Transit
ORD1488,CUST110,2/10/2025,Home,Product_127,5,4464,4,Madurai,Cash,Cancelled
ORD1489,CUST784,9/27/2025,Home,Product_147,3,353,5,Chennai,Card,Cancelled
ORD1490,CUST186,4/30/2025,Fashion,Product_52,3,4461,7,Madurai,UPI,In-Transit
ORD1491,CUST394,11/2/2025,Home,Product_121,5,4027,18,Chennai,Cash,Delivered
ORD1492,CUST705,8/31/2025,Grocery,Product_118,4,557,25,Madurai,UPI,In-Transit
ORD1493,CUST384,11/23/2025,Books,Product_91,2,2927,19,Coimbatore,NetBanking,Returned
ORD1494,CUST966,6/17/2025,Grocery,Product_124,2,3053,15,Tirunelveli,NetBanking,Delivered
ORD1495,CUST360,7/11/2025,Home,Product_8,2,2375,30,Chennai,Cash,Cancelled
ORD1496,CUST768,2/4/2025,Electronics,Product_24,4,1212,5,Chennai,Cash,In-Transit
ORD1497,CUST741,3/2/2025,Fashion,Product_120,4,2470,27,Bengaluru,UPI,Returned
ORD1498,CUST400,8/18/2025,Electronics,Product_114,4,1359,15,Chennai,Card,In-Transit
ORD1499,CUST900,8/29/2025,Electronics,Product_138,3,2283,18,Chennai,Cash,Cancelled
ORD1500,CUST220,1/23/2025,Electronics,Product_3,4,189,15,Coimbatore,NetBanking,Cancelled
